{
    "office ":"library BOOKS",
      "books":[
          {
              "department":"cse",
              "book":[
                   {
                       "name":"DRAKHOUND",
                       "PUBSHISER":"CHITON ",
                       "YEAR":"50000 BC",
                       "DISC":" DARK MAGIC"
                   },
                   {
                       "name":"DRAKHOUND",
                       "PUBSHISER":"CHITON ",
                       "YEAR":"50000 BC",
                       "DISC":" DARK MAGIC"
                   },
                   {
                       "name":"DRAKHOUND",
                       "PUBSHISER":"CHITON ",
                       "YEAR":"50000 BC",
                       "DISC":" DARK MAGIC"
                   },
                   {
                       "name":"DRAKHOUND",
                       "PUBSHISER":"CHITON ",
                       "YEAR":"50000 BC",
                       "DISC":" DARK MAGIC"
                   },
                   {
                       "name":"DRAKHOUND",
                       "PUBSHISER":"CHITON ",
                       "YEAR":"50000 BC",
                       "DISC":" DARK MAGIC"
                   },
                   {
                       "name":"DRAKHOUND",
                       "PUBSHISER":"CHITON ",
                       "YEAR":"50000 BC",
                       "DISC":" DARK MAGIC"
                   }

              ]
          },
          {
             "department":"ece", 
             "book":[
                 
                     {
                       "name":"Hidden Figures",
                       "PUBSHISER":"Margot Lee Shetterly ",
                       "YEAR":"2016",
                       "DISC":"The Untold Story of the African American Women Who Helped Win the Spac"
                   },
                    {
                       "name":"Hidden Figures",
                       "PUBSHISER":"Margot Lee Shetterly ",
                       "YEAR":"2016",
                       "DISC":"The Untold Story of the African American Women Who Helped Win the Spac"
                   },
                    {
                       "name":"Hidden Figures",
                       "PUBSHISER":"Margot Lee Shetterly ",
                       "YEAR":"2016",
                       "DISC":"The Untold Story of the African American Women Who Helped Win the Spac"
                   },
                    {
                       "name":"Hidden Figures",
                       "PUBSHISER":"Margot Lee Shetterly ",
                       "YEAR":"2016",
                       "DISC":"The Untold Story of the African American Women Who Helped Win the Spac"
                   },
                    {
                       "name":"Hidden Figures",
                       "PUBSHISER":"Margot Lee Shetterly ",
                       "YEAR":"2016",
                       "DISC":"The Untold Story of the African American Women Who Helped Win the Spac"
                   }
                 
             ]
          },
          {
               "department":"mech", 
               "book":[
                   {
                       "name":"The Lord of the Rings",
                       "PUBSHISER":"J. R. R. Tolkien ",
                       "YEAR":"29 July 1954",
                       "DISC":"The Lord of the Rings is an epic high fantasy novel by the English author and scholar J. R. R. Tolkien. Set in Middle-earth, the world at some distant time in the past, the story began as a sequel to Tolkien's 1937 children's book The Hobbit, but eventually developed into a much larger work."
                   },
                    {
                       "name":"The Lord of the Rings",
                       "PUBSHISER":"J. R. R. Tolkien ",
                       "YEAR":"29 July 1954",
                       "DISC":"The Lord of the Rings is an epic high fantasy novel by the English author and scholar J. R. R. Tolkien. Set in Middle-earth, the world at some distant time in the past, the story began as a sequel to Tolkien's 1937 children's book The Hobbit, but eventually developed into a much larger work."
                   },
                    {
                       "name":"The Lord of the Rings",
                       "PUBSHISER":"J. R. R. Tolkien ",
                       "YEAR":"29 July 1954",
                       "DISC":"The Lord of the Rings is an epic high fantasy novel by the English author and scholar J. R. R. Tolkien. Set in Middle-earth, the world at some distant time in the past, the story began as a sequel to Tolkien's 1937 children's book The Hobbit, but eventually developed into a much larger work."
                   },
                    {
                       "name":"The Lord of the Rings",
                       "PUBSHISER":"J. R. R. Tolkien ",
                       "YEAR":"29 July 1954",
                       "DISC":"The Lord of the Rings is an epic high fantasy novel by the English author and scholar J. R. R. Tolkien. Set in Middle-earth, the world at some distant time in the past, the story began as a sequel to Tolkien's 1937 children's book The Hobbit, but eventually developed into a much larger work."
                   },
                    {
                       "name":"The Lord of the Rings",
                       "PUBSHISER":"J. R. R. Tolkien ",
                       "YEAR":"29 July 1954",
                       "DISC":"The Lord of the Rings is an epic high fantasy novel by the English author and scholar J. R. R. Tolkien. Set in Middle-earth, the world at some distant time in the past, the story began as a sequel to Tolkien's 1937 children's book The Hobbit, but eventually developed into a much larger work."
                   }
               ]
          }

      ]
}